<?xml version="1.0"?>
<project name="project" default="run">
 <target name="run" description="">
  <antcall target="mqsicreatebar.buildbar" />
  </target>
 <!--    Target to build the broker archive using mqsicreatebar  -->
 <target name="mqsicreatebar.buildbar">
  <property name="toolkit.home" value="C:\Program Files\IBM\IIB\10.0.0.9" />
  <property name="workspaces.dir" value="E:\NewWorkspace" />
  <property name="bar.name" value="E:\NewWorkspace\sample.bar" />
  <exec executable="C:\Program Files\IBM\IIB\10.0.0.9\tools\mqsicreatebar.exe" spawn="false">
   <arg value="-data" />
   <arg value="${workspaces.dir}" />
   <arg value="-b" />
   <arg value="${bar.name}" />
   <arg value="-cleanBuild" />
  <arg value="-p" />
  <arg value="OrderMangement" />
  <arg value="-o" />
  <arg value="E:\NewWorkspace\OrderMangement\OrderMangement.msgflow" />
  </exec>
  <echo message="Completed building Broker Archive file - ${bar.name} " />
 </target>

 
</project>