<?xml version="1.0"?>
<project name="project" default="build">


  <target name="build">
    <antcall target="mqsiapplybaroverride.modifybar"/>
    </target>

  <target name="mqsiapplybaroverride.modifybar">
    <echo message="Applying overrides in Integration Broker Archive file - ${bar.name.location} " />
    <echo message="${toolkit.home}\mqsiapplybaroverride.exe -b  ${bar.name.location} -k ${application.name} -p ${override.prop.location}" />
    <exec executable="C:\Program Files\IBM\IIB\10.0.0.9\server\bin\mqsiapplybaroverride.bat" spawn="false">
      <arg value="-b" />
      <arg value="E:\NewWorkspace\OrderMangement\ANT Built Bar\newBarFile.bar" />
      <arg value="-k" />
      <arg value="OrderMangement" />
      <arg value="-p" />
      <arg value="E:\NewWorkspace\AutoBuild\OrderManagement_UAT.properties" />
    </exec>
    <echo message="Completed apply overrides in Broker Archive file - ${bar.name.location}" />
  </target>
  


</project>