<?xml version="1.0"?>
<project name="project" default="run">
 <target name="run" description="">
 
  <antcall target="mqsideploy.deploybar" />
 </target>
 <!--    Target to deploy the broker archive using mqsideployscript  -->
 <target name="mqsideploy.deploybar">
  <property name="mqsi.home" value="C:\Program Files\IBM\IIB\10.0.0.9\server\bin" />
  <property name="bar.name" value="E:\NewWorkspace\OrderMangement\ANT Built Bar\newBarFile.bar" />
  <property name="app.name" value="OrderMangement" />
  <property name="broker.name" value="TESTNODE_satishchander.v" />
  <property name="EG.name" value="default" />
  <exec executable="${mqsi.home}\mqsideployscriptupdated.bat" spawn="false">
   <arg value="${broker.name}" />
   <arg value="-e" />
   <arg value="${EG.name}" />
   <arg value="-a" />
   <arg value="${bar.name}" />
  </exec>
  <echo message="Deployed Broker Archive file - ${bar.name} " />
 </target>
</project>