<?xml version="1.0" encoding="UTF-8"?>
<project name="project" default="build">
  <target name="build">
    <antcall target="create"/>
  </target>
  <!-- mqsicreatebar -data C:\Workspace -b myflow.bar -p TestFlowProject -o TestFlowProject\TestFlow\Test.msgflow -->
  <target name="create">
     <echo message="mqsicreatebar execution started"/>
    <exec executable="C:\Program Files\IBM\IIB\10.0.0.9\tools\mqsicreatebar.exe" spawn="false" failonerror="true">
      <arg value="-data" />
      <arg value="E:\NewWorkspace" />
      <arg value="-b" />
      <arg value="C:\Java\newBarFile1600.bar" />
       <arg value="-a" />
      <arg value="OrderMangement" />
      </exec>
    <echo message="mqsicreatebar execution completed" />
  </target>
 
</project>